"","State","Report_year","gdp","Assaults","Assaults_percapita","Crimes_percapita","Homicides","Homicides_Percapita","Population","Rapes","Rapes_percapita","Robberies","Robberies_percapita","Violent_crimes","total_crime_rate","assault_rate","rape_rate","robbery_rate","homicide_rate"
"1","Arizona","2011",257947.8,7304,930.01,1616.47,184,21.4,2438832,894,106.22,4984,558.82,13366,0.00548049230123272,0.00299487623583748,0.000366568914956012,0.0020436011992626,7.54459511766288e-05
"2","Arizona","2012",268289,8726,1044.18,1760.65,179,19.28,2468435,962,119.55,5245,577.64,15112,0.00612209760435255,0.00353503333083512,0.000389720612452829,0.00212482807932962,7.25155817349859e-05
"3","Arizona","2013",275199,8713,1008.76,1668.97,187,21.62,2483780,1054,127.87,4713,510.7,14667,0.0059051123690504,0.00350795964215832,0.000424353203584859,0.00189751105170345,7.52884716037652e-05
"4","Arizona","2014",284573.8,8083,988.69,1683.37,162,16.9,2519272,1657,195.95,4409,481.81,14311,0.0056806093188826,0.00320846657288296,0.000657729693339981,0.00175010876157874,6.43042910809154e-05
"5","Arizona","2015",297116.4,8380,975.32,1667.9,159,16.43,2560453,1679,195.97,4487,480.17,14705,0.00574312436119702,0.00327285835748596,0.000655743339166936,0.00175242427804767,6.2098386496452e-05
"6","California","2011",2050056.8,28175,3136.87,6014.19,712,75.35,9831203,2142,212.57,24073,2589.41,55102,0.0056048074686282,0.00286587511213022,0.000217877710388037,0.00244863217655052,7.24224695594222e-05
"7","California","2012",2144497,28176,3162.34,6320.09,779,87.08,9917233,2354,233.02,24485,2837.64,55794,0.00562596441971264,0.00284111505699221,0.000237364595547972,0.00246893463126257,7.85501359098854e-05
"8","California","2013",2262771,26593,2922.21,6124.24,646,70.21,9978837,2113,202.5,24096,2929.32,53448,0.00535613518890027,0.0026649398121244,0.000211748122551756,0.00241471025130484,6.47370029192781e-05
"9","California","2014",2396552.1,29622,3091.78,5699.12,618,63.2,10124445,2809,246.89,20994,2297.28,54043,0.00533787284142489,0.00292579000626701,0.000277447306988186,0.00207359514521537,6.10403829543249e-05
"10","California","2015",2557131.9,33263,3085.5,5916.86,703,71.71,10276725,4532,358.28,22822,2401.37,61320,0.00596688147245353,0.00323673154628542,0.000440996523697968,0.00222074639537401,6.84070070961323e-05
"11","Colorado","2011",264431.6,2896,578.77,1050.33,49,9.69,941352,583,121.39,1650,340.48,5178,0.00550059913826071,0.00307642624650503,0.000619321996447662,0.00175279810315376,5.20527921542632e-05
"12","Colorado","2012",273520,3024,581.48,1033.58,56,11.25,965497,555,111.98,1650,328.88,5285,0.0054738647556647,0.0031320656615194,0.000574833479544732,0.0017089643986465,5.8001215954063e-05
"13","Colorado","2013",288305,3116,578.26,1046.71,61,12.14,992465,743,145.18,1602,311.12,5522,0.00556392416861048,0.0031396573178903,0.000748641010010429,0.00161416271606555,6.1463124644194e-05
"14","Colorado","2014",306362,3146,571.66,1008.96,40,7.22,1016301,744,148.58,1502,281.49,5432,0.00534487322161446,0.00309553960883636,0.000732066582636443,0.00147790861172035,3.93584184213142e-05
"15","Colorado","2015",317977.9,3605,637.97,1134.74,77,14.43,1042655,900,178.01,1677,304.32,6259,0.00600294440634726,0.00345751950549319,0.000863181013854055,0.00160839395581472,7.38499311852914e-05
"16","District of Columbia","2011",110076.2,2949,477.19,1130.27,108,17.48,617996,172,27.83,3756,607.77,6985,0.0113026621531531,0.00477187554612004,0.000278318953520735,0.00607770924083651,0.00017475841267581
"17","District of Columbia","2012",112737,3399,537.54,1177.88,88,13.92,632323,236,37.32,3725,589.1,7448,0.0117787902701626,0.00537541731045684,0.000373226974188824,0.00589097660531089,0.000139169380206002
"18","District of Columbia","2013",114891,3724,576.07,1218.97,103,15.93,646449,393,60.79,3660,566.17,7880,0.0121896700281074,0.00576070192698883,0.000607936588965255,0.00566169953082146,0.000159331981331861
"19","District of Columbia","2014",119994.4,4004,607.69,1185.32,105,15.94,658893,470,71.33,3231,490.37,7810,0.011853214406588,0.00607685921689865,0.000713317640345246,0.00490367935309678,0.000159358196247342
"20","District of Columbia","2015",125434.6,4024,598.61,1202.57,162,24.1,672228,494,73.49,3404,506.38,8084,0.0120256817627353,0.00598606425200973,0.000734869716822269,0.00506375812968219,0.000240989664221068
"21","Florida","2011",746787.5,13831,2638.58,4160.66,286,53.54,2945876,934,159.61,6712,1308.92,21763,0.00738761577201484,0.00469503808035369,0.000317053399396309,0.00227843941835977,9.70848739050795e-05
"22","Florida","2012",769309,13323,2542.41,3951.41,290,51.09,2996538,819,133.62,6329,1224.28,20761,0.00692832862456608,0.00444613083498357,0.000273315405978499,0.00211210403472274,9.67783488812757e-05
"23","Florida","2013",800704,12511,2345.88,3830.83,296,50.08,3039811,1200,186.59,6654,1248.28,20661,0.0067968041434155,0.00411571640473701,0.000394761384836097,0.00218895187891616,9.73744749262372e-05
"24","Florida","2014",839706,13596,2400.91,3777.03,304,51.05,3090048,1239,198.92,6178,1126.16,21317,0.00689859833892548,0.00439993165154716,0.000400964645209395,0.0019993216933847,9.8380348784226e-05
"25","Florida","2015",895004.2,13651,2445.26,3757.82,324,56.75,3133280,1189,193.22,5933,1062.6,21097,0.00673319971403769,0.0043567762855538,0.000379474544247562,0.00189354286881479,0.000103406015421539
"26","Georgia","2011",429574,3518,826.73,1432.79,88,20.68,425533,148,34.78,2343,550.6,6097,0.0143279134638207,0.00826727891843876,0.000347799113112262,0.0055060359596083,0.000206799472661345
"27","Georgia","2012",444132,3555,813.42,1379.05,83,18.99,437041,113,25.86,2276,520.77,6027,0.0137904681711784,0.00813424827418938,0.000258556977491814,0.00520774938735725,0.000189913532140005
"28","Georgia","2013",460585,2965,657.4,1223.01,83,18.4,451020,105,23.28,2363,523.92,5516,0.012230056316793,0.00657398784976276,0.000232805640548091,0.00523923551062037,0.000184027315861824
"29","Georgia","2014",484915.4,3004,661.15,1227.43,93,20.47,454363,151,33.23,2329,512.59,5577,0.0122743269148236,0.0066114538375704,0.000332333398626209,0.00512585751920821,0.000204682159418791
"30","Georgia","2015",513100.5,2944,633.51,1119.62,94,20.23,464710,170,36.58,1995,429.3,5203,0.0111962299068236,0.0063351337393213,0.000365819543371135,0.00429299993544361,0.000202276688687569
"31","Hawaii","2011",70482.6,1332,138.25,245.99,14,1.45,963465,203,21.07,821,85.21,2370,0.00245987140165963,0.00138251000295807,0.000210697845796163,0.000852132666988422,1.45308859169767e-05
"32","Hawaii","2012",73583,1246,127.68,239.37,11,1.13,975875,165,16.91,914,93.66,2336,0.0023937491994364,0.00127680286921993,0.000169079031638273,0.000936595363135647,1.12719354425516e-05
"33","Hawaii","2013",75788,1294,131.41,231.14,18,1.83,984683,221,22.44,743,75.46,2276,0.00231140377156912,0.00131412850633148,0.000224437712441466,0.000754557558117689,1.82799946784904e-05
"34","Hawaii","2014",77972.5,1166,117.3,228.66,19,1.91,994034,320,32.19,768,77.26,2273,0.00228664210680922,0.0011729981067046,0.000321920578169358,0.00077260938760646,1.91140343288057e-05
"35","Hawaii","2015",82739.9,1208,120.88,243.87,15,1.5,999307,318,31.82,896,89.66,2437,0.00243869001217844,0.00120883772454311,0.00031822052682509,0.000896621358601511,1.50104022087306e-05
"36","Illinois","2011",688288.9,12408,458.92,1045.71,431,15.94,2703713,1459,53.96,13975,516.88,28273,0.0104571010310636,0.00458924449451551,0.000539628281552073,0.00516881784420166,0.000159410410794341
"37","Illinois","2012",720702,12272,453.11,1019.8,500,18.46,2708382,1372,50.66,13476,497.57,27620,0.0101979705964668,0.00453111857928461,0.000506575512612327,0.00497566443729134,0.000184612067278545
"38","Illinois","2013",739628,12108,445.06,944.22,416,15.29,2720554,1338,49.18,11826,434.69,25688,0.00944219449420964,0.00445056411304462,0.00049181159425617,0.00434690875461395,0.000152910032294893
"39","Illinois","2014",765910.2,12530,459.96,885.9,415,15.23,2724121,1388,50.95,9800,359.75,24133,0.00885900442748321,0.00459964884085545,0.000509522154118705,0.00359749071351823,0.000152342718990823
"40","Illinois","2015",791625.9,13104,480.23,903.84,478,17.52,2728695,1432,52.48,9649,353.61,24663,0.00903838648144992,0.00480229560284312,0.000524792987123882,0.00353612257874185,0.000175175312741072
"41","Indiana","2011",288749.1,5267,632.27,1100.81,96,11.52,833024,435,52.22,3372,404.79,9170,0.011008086201598,0.00632274700368777,0.000522193838352797,0.00404790258143823,0.000115242778119238
"42","Indiana","2012",297553,5967,711.5,1185.48,97,11.57,838650,436,51.99,3442,410.42,9942,0.0118547665891612,0.00711500626006081,0.000519883145531509,0.00410421510761343,0.000115662075955405
"43","Indiana","2013",308682,5894,693.23,1232.5,129,15.17,850220,656,77.16,3800,446.94,10479,0.0123250452823975,0.00693232339864976,0.000771565006704147,0.00446943144127402,0.000151725435769566
"44","Indiana","2014",325040.6,6251,728.35,1254.66,136,15.85,858238,573,66.76,3808,443.7,10768,0.0125466362477541,0.00728352741314181,0.000667646969721686,0.00443699766265302,0.000158464202237608
"45","Indiana","2015",330026.5,6497,752.25,1287.98,148,17.14,863675,677,78.39,3802,440.21,11124,0.0128798448490462,0.00752250557211914,0.000783859669435841,0.00440211885257765,0.000171360754913596
"46","Kansas","2011",135315.3,2203,572.51,770.02,25,6.5,384796,245,63.67,490,127.34,2963,0.00770018399359661,0.0057251114876454,0.000636701005207954,0.00127340201041591,6.49694903273423e-05
"47","Kansas","2012",140478,2135,552.52,749.46,23,5.95,386409,242,62.63,496,128.36,2896,0.00749464945174672,0.00552523362551079,0.000626279408605907,0.00128361399449806,5.95224231319664e-05
"48","Kansas","2013",143221,2337,604.68,794.08,15,3.88,386486,250,64.69,467,120.83,3069,0.00794077922615567,0.00604679082812831,0.000646853961074916,0.00120832319928794,3.8811237664495e-05
"49","Kansas","2014",148276.1,2179,562.33,758.47,21,5.42,387493,243,62.71,496,128,2939,0.00758465314212128,0.00562332738913993,0.000627108102597982,0.00128002312299835,5.41945273850108e-05
"50","Kansas","2015",151679.9,2730,700.32,984.8,27,6.93,389824,349,89.53,733,188.03,3839,0.00984803398456739,0.00700316040059104,0.000895275816778854,0.00188033574125759,6.92620259399113e-05
"51","Kentucky","2011",169940.7,2168,325.94,614.3,48,7.22,665152,227,34.13,1643,247.01,4086,0.0061429567978447,0.00325940536899836,0.000341275377658039,0.00247011209467911,7.21639565091889e-05
"52","Kentucky","2012",176302,2350,352.75,598.77,62,9.31,666200,183,27.47,1394,209.25,3989,0.00598769138396878,0.00352746922845992,0.000274692284599219,0.00209246472530772,9.30651456019213e-05
"53","Kentucky","2013",182359,2009,299.35,542.97,48,7.15,671120,160,23.84,1427,212.63,3644,0.00542972940755752,0.002993503397306,0.000238407438312075,0.00212629634044582,7.15222314936226e-05
"54","Kentucky","2014",186694.5,2233,329.49,592.44,56,8.26,677710,194,28.63,1532,226.06,4015,0.00592436292809609,0.00329491965590002,0.000286258134010122,0.00226055392424488,8.26312139410662e-05
"55","Kentucky","2015",191916.4,2469,362.79,631.84,81,11.9,680550,205,30.12,1545,227.02,4300,0.00631841892586878,0.00362794798324884,0.000301226948791419,0.00227022261406216,0.000119021379766365
"56","Louisiana","2011",228987.5,1326,382.16,791.99,200,57.64,346974,163,46.98,1059,305.21,2748,0.00791990177938405,0.00382161199398226,0.000469775833347744,0.00305210188659669,0.000576412065457354
"57","Louisiana","2012",233623,1564,431,815.16,193,53.19,362874,136,37.48,1065,293.49,2958,0.00815158980803254,0.00431003599045399,0.000374785738300347,0.00293490302419021,0.000531865055087992
"58","Louisiana","2013",228967,1495,396.53,786.43,156,41.38,377022,176,46.68,1138,301.84,2965,0.00786426256292736,0.00396528584538833,0.000466816260059095,0.00301839149970028,0.000413768957779652
"59","Louisiana","2014",237876.9,1906,492.36,973.88,150,38.75,387113,244,63.03,1470,379.73,3770,0.00973875845037495,0.00492362695130362,0.000630306912968565,0.00379734082813029,0.000387483757972478
"60","Louisiana","2015",234440.9,1666,423.44,949.56,164,41.68,393447,409,103.95,1497,380.48,3736,0.00949556102855022,0.00423436955930532,0.00103953010189428,0.00380483267123653,0.000416828696114089
"61","Maryland","2011",328058.4,9964,1441.16,2721.64,322,48.71,3066499,747,106.37,7796,1125.38,18829,0.00614022701458569,0.00324930808717042,0.000243600275101997,0.00254231291123852,0.000105005741074757
"62","Maryland","2012",334822,9875,1412.42,2684.64,303,46.19,3094341,709,100.43,7797,1125.59,18684,0.00603811926352008,0.00319130955508782,0.000229127946790609,0.00251976107352099,9.79206881206693e-05
"63","Maryland","2013",341255,9499,1356.74,2595.59,312,48.17,3120360,702,97.91,7585,1092.76,18098,0.00579997179812586,0.00304420002820187,0.000224974041456755,0.00243080926559756,9.99884628696689e-05
"64","Maryland","2014",352524.3,8985,1269.88,2448.65,292,44.23,3146751,632,87.74,7270,1046.81,17179,0.00545928165272689,0.00285532601721585,0.000200842074889306,0.00231031943741338,9.27941232083505e-05
"65","Maryland","2015",367276.7,7241,1076.19,2205.74,439,67.87,2315619,804,109.05,6278,952.63,14762,0.00637496928467075,0.00312702564627428,0.000347207377379439,0.00271115412336831,0.000189582137648724
"66","Massachusetts","2011",425593.2,3014,485.07,845.24,63,10.14,621359,271,43.61,1904,306.43,5252,0.00845244053759582,0.00485065799320522,0.000436140781738093,0.00306425110121524,0.000101390661437269
"67","Massachusetts","2012",444330,3050,483.63,835.01,57,9.04,630648,249,39.48,1910,302.86,5266,0.00835014144181857,0.0048362953660362,0.000394831982341972,0.00302863086856693,9.03832248734635e-05
"68","Massachusetts","2013",454346,2851,442.84,782.39,39,6.06,643799,279,43.34,1868,290.15,5037,0.00782387049374106,0.00442840078968746,0.000433365072017819,0.00290152671874296,6.05779132928134e-05
"69","Massachusetts","2014",473454.4,2736,418.08,725.69,53,8.1,654413,280,42.79,1680,256.72,4749,0.0072568851780145,0.00418084604065017,0.000427864360885251,0.00256718616531151,8.09886111675654e-05
"70","Massachusetts","2015",502816.9,2873,431.86,706.79,38,5.71,665258,240,36.08,1551,233.14,4702,0.00706793454569505,0.00431862525516416,0.000360762290720292,0.00233142630377989,5.71206960307129e-05
"71","Michigan","2011",401105.4,9508,1333.07,2138.69,344,48.23,713239,426,59.73,4976,697.66,15254,0.0213869404224951,0.0133307348588622,0.000597275247147169,0.00697662354414159,0.000482306772344193
"72","Michigan","2012",418857,9345,1321.6,2124.61,386,54.59,707096,442,62.51,4850,685.9,15023,0.021246054284001,0.0132160272438254,0.00062509192528313,0.00685904035661353,0.000545894758278932
"73","Michigan","2013",432718,8801,1257.49,2071.9,316,45.15,699889,613,87.59,4771,681.68,14501,0.0207189997270996,0.0125748511549689,0.00087585317100283,0.00681679523467293,0.000451500166454966
"74","Michigan","2014",448964.4,9194,1342.79,1989.5,298,43.52,684694,557,81.35,3573,521.84,13622,0.0198950187967179,0.0134278962573062,0.000813502089984723,0.00521838952875299,0.000435230920674053
"75","Michigan","2015",473729.6,7564,1123.55,1759.59,295,43.82,673225,530,78.73,3457,513.5,11846,0.0175959003304987,0.0112354710535111,0.000787255375246017,0.00513498458910468,0.000438189312636934
"76","Minnesota","2011",283807.3,1715,444.84,965.42,32,8.3,385531,386,100.12,1589,412.16,3722,0.00965421717060366,0.00444841011488052,0.0010012165039906,0.00412158814725664,8.30024044759047e-05
"77","Minnesota","2012",294297,1711,438.45,992.21,39,9.99,390240,403,103.27,1719,440.5,3872,0.00992209922099221,0.00438448134481345,0.00103269782697827,0.0044049815498155,9.99384993849939e-05
"78","Minnesota","2013",306153,1761,444.47,1019.17,36,9.09,396206,385,97.17,1856,468.44,4038,0.0101916679707021,0.00444465757711897,0.00097171673321454,0.00468443183596412,9.08618244044765e-05
"79","Minnesota","2014",319338.9,1802,445.53,1011.96,31,7.66,404461,389,96.18,1871,462.59,4093,0.010119640707015,0.00445531213145396,0.000961773817500328,0.00462590954381263,7.66452142480981e-05
"80","Minnesota","2015",328455,2045,494.58,1062.93,47,11.37,413479,407,98.43,1896,458.55,4395,0.0106293185385473,0.00494583763625239,0.000984330522227247,0.00458548076202177,0.000113669618045898
"81","Missouri","2011",260093.5,7026,1858.4,3060.53,221,58.66,781912,460,117.61,3798,1025.86,11505,0.0147139320025783,0.00898566590613777,0.000588301496843635,0.00485732409785244,0.000282640501744442
"82","Missouri","2012",268762,7450,1956.47,3045.44,218,58.09,782740,456,117.83,3426,913.07,11550,0.0147558576283312,0.00951784756113141,0.000582568924547104,0.00437693231468942,0.000278508827963308
"83","Missouri","2013",277851,6886,1793.05,2855.98,219,58.94,784077,725,188.74,3123,815.25,10953,0.013969291281341,0.00878230071791418,0.000924654083718818,0.00398302717717775,0.000279309302530236
"84","Missouri","2014",284729.4,7123,1856.84,2936.58,238,66.78,786991,691,175.54,3188,837.44,11240,0.0142822471921534,0.00905092942613067,0.000878027830051424,0.0040508722463154,0.000302417689655917
"85","Missouri","2015",294750.3,8052,2067.56,3234.4,297,82.32,790468,629,160.26,3493,924.26,12471,0.01577672973479,0.0101863706057677,0.000795731136491294,0.00441890120789203,0.000375726784638973
"86","Nebraska","2011",99613.4,1350,327.19,559.61,43,10.42,412608,220,53.32,696,168.68,2309,0.00559611059407476,0.00327187063750582,0.000533193733519466,0.00168683108422522,0.000104215138824259
"87","Nebraska","2012",102269,1442,345,594.54,41,9.81,417970,187,44.74,815,194.99,2485,0.00594540278010384,0.00345000837380673,0.000447400531138598,0.00194990071057731,9.809316458119e-05
"88","Nebraska","2013",107604,1505,354.05,576.13,42,9.88,425076,184,43.29,718,168.91,2449,0.00576132268112055,0.00354054333813248,0.000432863770243439,0.00168910971214559,9.88058605990458e-05
"89","Nebraska","2014",111330.7,1523,347.35,560.59,32,7.3,438465,180,41.05,723,164.89,2458,0.00560592065501237,0.00347348134970864,0.00041052307481783,0.00164893435051829,7.29818799676143e-05
"90","Nebraska","2015",115269.6,1452,321.06,514.98,48,10.61,452252,174,38.47,655,144.83,2329,0.00514978374888337,0.00321059940033433,0.000384741250453287,0.00144830758072933,0.000106135517366424
"91","Nevada","2011",126657.1,6587,451.64,741.39,82,5.62,1458474,651,44.64,3493,239.5,10813,0.00741391344652013,0.00451636436439731,0.000446356945684325,0.00239496898813417,5.62231483043236e-05
"92","Nevada","2012",128043,7102,480.06,783.97,76,5.14,1479393,596,40.29,3824,258.48,11598,0.00783970182365335,0.00480061755057649,0.000402867932996844,0.00258484391909384,5.13724209861747e-05
"93","Nevada","2013",130621,6500,433.2,758.04,97,6.46,1500455,705,46.99,4072,271.38,11374,0.00758036728858913,0.0043320192874828,0.000469857476565442,0.00271384346748153,6.46470570593587e-05
"94","Nevada","2014",135026.5,7089,463.06,841.07,122,7.97,1530899,780,50.95,4885,319.09,12876,0.00841074427509587,0.00463061247018908,0.000509504546021651,0.0031909355221997,7.96917366854378e-05
"95","Nevada","2015",144378.9,8139,521.02,920.73,127,8.13,1562134,1107,70.86,5010,320.72,14383,0.00920727671249713,0.00521018043266455,0.000708645993237456,0.00320715124310719,8.12990434879466e-05
"96","New Jersey","2011",499114.9,1114,400.63,1166.28,94,33.81,278064,58,20.86,1977,710.99,3243,0.0116627826687381,0.00400627193739571,0.000208585073939812,0.00710987398584499,0.000338051671557627
"97","New Jersey","2012",519746,1093,391.89,1154.51,96,34.42,278906,55,19.72,1976,708.48,3220,0.0115451083877722,0.00391888306454504,0.00019719905631288,0.00708482427771364,0.000344201989200663
"98","New Jersey","2013",533687,926,332.8,1263.63,112,40.25,278246,45,16.17,2433,874.41,3516,0.0126363002522947,0.00332799033948377,0.000161727392307526,0.00874406101076026,0.000402521509743177
"99","New Jersey","2014",546831.5,944,338.22,1078.07,94,33.68,279110,49,17.56,1922,688.62,3009,0.0107806957830246,0.00338217906918419,0.000175558023718247,0.00688617390992799,0.000336784780194189
"100","New Jersey","2015",569391.3,1068,382.64,1100.64,107,38.34,279110,104,37.26,1793,642.4,3072,0.0110064132420909,0.00382644835369568,0.000372612948299953,0.00642399054136362,0.000383361398731683
"101","New Mexico","2011",86625,2910,527.21,762.74,38,6.88,551961,264,47.83,998,180.81,4210,0.00762735048309573,0.00527211161658161,0.000478294662122867,0.00180809876060084,6.88454437904127e-05
"102","New Mexico","2012",87602,2740,494.87,749.71,41,7.4,553684,278,50.21,1092,197.22,4151,0.00749705608253083,0.0049486710831449,0.000502091445662147,0.0019722440959103,7.40494578134821e-05
"103","New Mexico","2013",88411,2803,502.18,774.86,37,6.63,558165,439,78.65,1046,187.4,4325,0.00774860480323919,0.00502181254646923,0.000786505782340347,0.00187399783218224,6.62886422473641e-05
"104","New Mexico","2014",92495.9,3121,558.44,882.85,30,5.37,558874,402,71.93,1381,247.1,4934,0.00882846580803544,0.00558444300504228,0.000719303456593078,0.00247103998396776,5.36793624323193e-05
"105","New Mexico","2015",90849.4,3273,584.76,965.84,43,7.68,559721,404,72.18,1686,301.22,5406,0.00965838337314483,0.00584755619317481,0.000721788176609418,0.00301221501426604,7.68239890945668e-05
"106","New York","2011",1236061.4,33198,1129.32,2139.18,590,23.04,10868031,1299,66.71,22693,920.1,57780,0.00531651041481203,0.00305464715733696,0.000119524870696449,0.00208805072418362,5.4287662595e-05
"107","New York","2012",1322448,34926,1224.68,2217.48,502,26.19,10954585,1398,75.02,22993,891.59,59819,0.00546063588899077,0.00318825405070114,0.000127617796566461,0.00209893848101046,4.58255607127061e-05
"108","New York","2013",1355581,35065,1177.94,2130.32,421,25.29,11054215,1322,74.97,21818,852.1,58626,0.00530349735372435,0.00317209317893672,0.000119592390775826,0.00197372676395384,3.80850200579598e-05
"109","New York","2014",1427812.7,34662,1142.71,2067.27,428,29.88,11134985,2577,110.77,18975,783.93,56642,0.00508685013944788,0.00311289148570923,0.000231432732060259,0.00170408851022251,3.84374114558753e-05
"110","New York","2015",1488200.7,33763,1123.64,1953.41,430,23.03,11211585,2564,105.57,19211,701.19,55968,0.00499197927857658,0.00301143861461158,0.000228692018122326,0.00171349546027613,3.83531855665368e-05
"111","North Carolina","2011",427205.6,3801,587.5,1027.85,73,11.25,1198492,345,58.66,2292,370.44,6511,0.00543266037653985,0.00317148550011181,0.000287861746261135,0.0019124032534218,6.09098767451097e-05
"112","North Carolina","2012",439571,4150,625.65,1071.07,69,10.47,1229098,336,54.45,2463,380.5,7018,0.00570987830099797,0.003376459810365,0.000273371203923528,0.00200390855733229,5.6138729377153e-05
"113","North Carolina","2013",455522,3986,588.1,1000.33,71,9.84,1266631,309,45.88,2410,356.52,6776,0.00534962431836896,0.00314693071620701,0.000243954237658797,0.00190268515455567,5.60542099474906e-05
"114","North Carolina","2014",475227.2,4164,592.12,984.44,63,9.13,1295279,292,43.22,2265,339.97,6784,0.00523748165453157,0.00321475141649019,0.000225434057064154,0.00174865801113119,4.86381698460332e-05
"115","North Carolina","2015",503467.3,4597,623.38,1059.92,78,10.83,1316180,324,49.25,2625,376.47,7624,0.00579252077983255,0.00349268337157532,0.000246166937652905,0.00199440805968788,5.926241091644e-05
"116","Ohio","2011",525388.4,4190,982.25,3066.55,222,50.21,1481875,1140,229.01,8183,1805.09,13735,0.0092686630113876,0.00282749894559258,0.000769295655841417,0.00552205820328975,0.000149810206663855
"117","Ohio","2012",540819,3801,899.7,2971.88,203,46.36,1487369,1162,235.89,8014,1789.94,13180,0.00886128459044124,0.00255551917513408,0.000781245272692923,0.00538803753473415,0.000136482607880089
"118","Ohio","2013",561046,3963,932.15,2994.23,206,48.06,1502036,1346,270.33,7571,1743.69,13086,0.00871217467490792,0.00263841878623415,0.000896117003853436,0.00504049170592449,0.000137147178895845
"119","Ohio","2014",593030,4364,978.9,2811.14,208,46.6,1517137,1530,305.4,6462,1480.25,12564,0.00828138790366328,0.0028764706153762,0.00100847846964381,0.00425933847767209,0.000137100340971185
"120","Ohio","2015",609633.9,2704,578.58,1471.3,143,31.19,1146223,1042,174.15,3503,687.38,7392,0.00644900686864598,0.00235905229610643,0.00090907266736054,0.00305612433182723,0.000124757573351782
"121","Oklahoma","2011",165035.6,6096,1249.09,1871.11,107,22.26,982309,543,114.4,2322,485.34,9068,0.0092313111251144,0.00620578657021365,0.000552779217130251,0.00236381830971721,0.000108927028053291
"122","Oklahoma","2012",173484,6320,1270.48,1909.02,127,24.8,994511,705,144.53,2271,469.22,9423,0.00947500832067217,0.00635488194700712,0.000708891103265826,0.00228353431988183,0.00012770095051739
"123","Oklahoma","2013",182618,5695,1152.97,1796.16,122,25.46,999532,823,168.93,2185,448.82,8825,0.00882913203379181,0.00569766650792571,0.000823385344341152,0.00218602305879151,0.000122057122733439
"124","Oklahoma","2014",195689,5115,999.14,1578.96,91,18.79,1017531,747,148.57,2046,412.47,7999,0.00786118555601746,0.00502687387411293,0.000734129967539073,0.00201074954964517,8.94321647202886e-05
"125","Oklahoma","2015",185460.5,5437,1075.15,1669.16,128,25.28,1032141,845,167.02,2046,401.71,8456,0.0081926791010143,0.00526769113909824,0.000818686594176571,0.00198228730376954,0.000124014063969942
"126","Oregon","2011",170621.3,1842,312.21,514.75,20,3.39,589991,258,43.73,917,155.43,3037,0.00514753614885651,0.00312208152327747,0.000437294806191959,0.00155426099720165,3.38988221854232e-05
"127","Oregon","2012",174493,1892,316.37,517.19,20,3.34,598037,231,38.63,950,158.85,3093,0.0051719208008869,0.0031636838523369,0.000386263726157412,0.00158853047553914,3.34427468534556e-05
"128","Oregon","2013",179383,1776,291.56,482.82,14,2.3,609136,234,38.42,917,150.54,2941,0.00482815003546006,0.00291560505371543,0.000384150665861154,0.0015054109427123,2.29833731711802e-05
"129","Oregon","2014",189344.3,1776,288.47,472.82,26,4.22,615672,262,42.56,847,137.57,2911,0.0047281669460362,0.00288465286711106,0.00042555126755805,0.00137573253290713,4.22302784599592e-05
"130","Pennsylvania","2011",618987.7,10104,980.56,1995.62,368,35.42,1839482,900,76.12,9372,903.51,20744,0.0112770877888449,0.00549285070470926,0.00048926817440997,0.00509491258952249,0.000200056320203188
"131","Pennsylvania","2012",641317,9783,923.04,1912.04,372,34.65,1851069,927,72.24,9118,882.12,20200,0.0109126131981034,0.00528505420381412,0.000500791704685239,0.00492580233367854,0.000200964955925468
"132","Pennsylvania","2013",663901,9166,897.76,1833.63,292,30.53,1860785,1357,107.7,8518,797.64,19333,0.0103897011207635,0.0049258780568416,0.000729262112495533,0.004577637932378,0.000156923019048412
"133","Pennsylvania","2014",690675.4,8809,906.59,1819.53,317,38.34,1866675,1298,107,7956,767.59,18380,0.0098463846143544,0.00471908607550859,0.000695354038598042,0.00426212382980433,0.000169820670443436
"134","Pennsylvania","2015",710040.5,8935,876.55,1735.11,337,36.43,1874680,1404,111.04,7623,711.09,18299,0.0097611325666247,0.00476614675571297,0.000748927817014104,0.0040662939808394,0.000179764013058229
"135","Tennessee","2011",267659.1,11659,1835.4,2767.42,167,26.08,1265514,793,125.35,4972,780.59,17591,0.0139002808345068,0.00921285738443036,0.000626622858380073,0.0039288384008395,0.000131962190856838
"136","Tennessee","2012",283722,12703,1979.05,2914.58,197,30.53,1278322,731,113.9,5100,791.11,18731,0.0146528026584851,0.00993724585824229,0.000571843400958444,0.00398960512296589,0.000154108276318486
"137","Tennessee","2013",292804,11729,1807.35,2704.6,160,24.52,1293364,921,142.48,4747,730.27,17557,0.0135746781261888,0.00906859940434402,0.000712096517299074,0.0036702737976316,0.000123708406914063
"138","Tennessee","2014",304150.4,12704,1948.68,2869.11,181,27.7,1302611,1010,155.06,4814,737.66,18709,0.0143626915479756,0.00975271972983492,0.000775365784566536,0.00369565434346862,0.000138951690105488
"139","Tennessee","2015",322893.1,12472,1895.52,2841.16,207,31.46,1315965,1037,157.6,4978,756.57,18694,0.0142055449802996,0.00947745570740863,0.000788014878815166,0.00378277537776461,0.000157299016311224
"140","Texas","2011",1331220.6,28614,2489.95,4143.47,536,45.08,7321721,2609,249.39,17282,1359.07,49041,0.00669801539829229,0.00390809756340074,0.00035633698689147,0.00236037401589053,7.32068321095546e-05
"141","Texas","2012",1411379,27833,2409.66,4093.61,577,46.39,7456778,2619,248.15,18603,1389.38,49632,0.00665595784130894,0.00373257726058091,0.000351224080963655,0.00249477723488617,7.73792648782088e-05
"142","Texas","2013",1502250,27363,2323.58,4039.4,532,41.8,7542026,2854,265.27,19324,1408.75,50073,0.00663919747823728,0.0036280702294052,0.000378412909210337,0.00256217626404364,7.05380755781006e-05
"143","Texas","2014",1565390.2,27095,2257.88,4026.33,580,43.83,7692874,4352,410.38,18740,1314.23,50767,0.00659922416511696,0.00352209070368239,0.000565718351814939,0.002436020660159,7.53944494606307e-05
"144","Texas","2015",1568641.9,27666,2259.24,4014.62,637,43.93,7882885,4350,389.74,19290,1321.69,51943,0.00658933880172044,0.0035096287716997,0.000551828423223223,0.00244707362850023,8.08079782972858e-05
"145","Utah","2011",124539.4,753,396.24,647.24,7,3.68,190038,128,67.35,342,179.96,1230,0.0064723897325798,0.00396236542165251,0.000673549500626191,0.0017996400719856,3.68347383154948e-05
"146","Utah","2012",128721,854,443.72,676.49,8,4.16,192465,123,63.91,317,164.71,1302,0.00676486633933442,0.0044371703946172,0.000639077234821916,0.0016470527108825,4.15659990128075e-05
"147","Utah","2013",134252,846,444.69,781.62,7,3.68,190246,213,111.96,421,221.29,1487,0.00781619587271217,0.00444687404728615,0.00111960304027417,0.00221292431903956,3.67944661122967e-05
"148","Utah","2014",141342.9,773,401.83,754.8,7,3.64,192368,223,115.92,449,233.41,1452,0.007548032936871,0.00401833984862347,0.00115923646344506,0.00233406803626383,3.63885885386343e-05
"149","Utah","2015",149576.7,874,455.23,855.24,8,4.17,191992,291,151.57,469,244.28,1642,0.00855243968498687,0.00455227301137547,0.00151568815367307,0.00244281011708821,4.16684028501188e-05
"150","Virginia","2011",432392.7,675,101.92,263.88,26,4.42,1498430,165,24.15,836,133.4,1702,0.0011358555287868,0.000450471493496526,0.000110115253965818,0.000557917286760142,1.73514945643106e-05
"151","Virginia","2012",444950,730,113.1,247.77,37,6.18,1520311,172,23.45,670,105.03,1609,0.00105833609044465,0.000480164913626225,0.000113134746772206,0.000440699304287083,2.43371257591374e-05
"152","Virginia","2013",455070,681,97.45,255.85,29,4.87,1541908,319,48.38,714,105.15,1743,0.00113041763840644,0.000441660591941932,0.000206886532789246,0.000463062647058061,1.88078666172041e-05
"153","Virginia","2014",463781.7,685,99.49,235.81,27,4.68,1552802,274,39.92,650,91.73,1636,0.00105357927153623,0.000441138020172565,0.000176455208069026,0.000418598121331631,1.73879219630062e-05
"154","Virginia","2015",484690.5,621,86.81,226.66,33,5.47,1554497,233,34.55,713,99.84,1600,0.00102927184806404,0.000399486136029854,0.000149887712874325,0.000458669267293536,2.12287318663207e-05
"155","Washington","2011",379539,2126,343.9,592.68,20,3.24,618209,100,16.18,1418,229.37,3664,0.00592679821872538,0.00343896643368181,0.000161757593305824,0.00229372267307658,3.23515186611648e-05
"156","Washington","2012",400863,2198,350.63,603.32,25,3.99,626865,123,19.62,1436,229.08,3782,0.00603319694033006,0.00350633709012307,0.000196214495944103,0.00229076435915229,3.988099511059e-05
"157","Washington","2013",419345,1986,308.95,584.93,18,2.8,642814,154,23.96,1602,249.22,3760,0.00584928144066557,0.00308954067584091,0.000239571633474069,0.00249216725211336,2.80018792372288e-05
"158","Washington","2014",442442.4,2258,340.36,603.7,26,3.92,663410,154,23.21,1567,236.2,4005,0.00603699069956739,0.00340362671651015,0.000232133974465263,0.00236203855835758,3.9191450234395e-05
"159","Washington","2015",469944,2394,350.15,598.65,23,3.36,683700,144,21.06,1532,224.07,4093,0.00598654380576276,0.00350153576129882,0.000210618692408951,0.0022407488664619,3.36404855930964e-05
"160","Wisconsin","2011",263881.6,3255,544.84,1110.93,86,14.4,597426,205,34.31,3091,517.39,6637,0.0111093256738073,0.00544837352241114,0.000343138731826201,0.00517386253695018,0.000143950882619772
"161","Wisconsin","2012",274344,4508,752.09,1323.33,93,15.52,599395,234,39.04,3097,516.69,7932,0.013233343621485,0.0075209169245656,0.000390393646927318,0.00516687660057224,0.000155156449419832
"162","Wisconsin","2013",282385,4405,733.18,1363.84,104,17.31,600805,401,66.74,3284,546.6,8194,0.0136383685222327,0.00733182979502501,0.000667437854212265,0.00546599978362364,0.00017310108937176
"163","Wisconsin","2014",293519.4,4877,812.33,1484.74,86,14.32,600374,396,65.96,3555,592.13,8914,0.0148474117799905,0.00812326982847359,0.000659588856279586,0.00592130905069174,0.000143244044545567
"164","Wisconsin","2015",304763.9,5253,874.92,1596.1,145,24.15,600400,436,72.62,3749,624.42,9583,0.0159610259826782,0.0087491672218521,0.00072618254497002,0.00624417055296469,0.000241505662891406
